ReviewID,CustomerID,Rating,Message,CreationDate,UpdationDate,IsDeleted
1,9,2,"Figlio orecchio guerra stasera.
Prodotto lasciare credere preoccupare. Né origine concludere invece lì. Opera rosso tornare ritorno condurre trattare.
Padre affatto riuscire fortuna cristiano sorella pagare. Dunque produzione filo lì sostenere. Risultare credere risultare avvicinare campo.
Odore mandare sacrificio nazione eppure dirigere figlia. Sereno sviluppo sognare lato colpo rendere subito. Buio vendere ammazzare chi cui facile mare.",2024-10-08,NULL,0
2,19,3,"Orecchio addosso comune famiglia. Guerra fuggire assicurare politica poeta.
Lei rivoluzione spirito tedesco stasera. Sera anno parecchio linea. Servire correre cielo risultare sede giorno.
Coscienza sottile dietro assumere sbagliare giorno. Lì puro dinanzi oltre. Tu trovare sede fantasia grosso li verde.
Pianura carne capello caratteristico scusare svegliare visita. Decidere riguardare vasto gusto però paese risolvere decidere.",2024-07-08,NULL,0
3,99,1,"Per fortuna tono insistere gamba diffondere foglia. Vasto comune centrale naturale privato perdere.
Contrario colpa sorella segretario. Rimettere grigio noi naturale buono. Ammazzare calcio impedire lungo denaro porta.
Motivo operazione speciale contadino. Stato discutere assistere messa. Cielo scrittore pomeriggio esistere. Ospedale ciò comprare carattere porto collo.
Bambino albergo vivere. Crisi comodo vedere campo.",2024-08-08,2024-08-27,0
4,32,5,"Perfetto nave già rispondere. Ricerca attesa tratto interessare addirittura bianco nero.
Papà pubblico lontano rientrare. Carta abbastanza eccetera colore.
Senza bianco rimanere autore pubblico infatti stanco passato. Notare sentimento vivo proposta.
Andare francese uno ricco fede il diverso.
Ambiente qualcosa morte concetto poesia innamorare nessuno. Ciò riferire gridare voi musica attimo estendere pubblicare.
Appoggiare silenzio dare. Giorno fresco sera linea.",2025-01-08,2025-01-24,0
5,12,3,"Dirigere si carne foglia tavola dietro. Poesia avvocato poiché gusto qua proposito. Tavolo punta invece industriale. Pena lato scrivere lui piano generale.
Stasera signorina armare relazione. Compagnia fondo un.
Mercato causa finestra internazionale evitare più. Dentro lui albergo passione tedesco ragazzo. Comunicazione musica stagione aggiungere prodotto silenzio lago.
Scopo come religioso difesa insegnare. Elevare gusto sedere congresso.",2025-01-08,2025-01-17,0
6,12,3,"Soluzione quadro centro rientrare usare cucina. Porre ridurre riferire seguire. Consentire direzione naturale anima bene articolo.
Odore felice bestia qualcosa età pianta ritrovare. Nome sperare addosso no compagnia mangiare profondo. Ritrovare presentare elettrico oppure brutto ognuno concludere greco.
Addosso persona nulla aria noi pomeriggio. Mattina cioè riempire fortuna.",2025-08-08,NULL,0
7,91,4,"Tanto lato rifiutare commercio causa notevole fiducia. Metà prima figurare muovere scendere territorio.
Tagliare pronto giungere giocare orecchio. Peso mestiere malattia pezzo fiume decidere. Medesimo frutto distinguere conservare solo. Vita passato sentire presso colpo fuori coloro.
Atteggiamento fenomeno molto giorno spesso. Errore dividere folla opinione straordinario cadere però. Estate studio preparare periodo cristiano pace.",2024-06-08,NULL,0
8,1,5,"Salire tentare addirittura nuovo. Contrario spiegare intenzione significare cattolico. Serie noto con divertire mano famiglia animale bestia.
Cercare provvedere cioè lì frutto confessare attaccare impedire. Insegnare leggero scala rimettere professore assumere conservare. Zitto staccare attesa giro.
Azione dovere letto riva fermo. Testa leggero rivoluzione partecipare concedere rendere. Pianura credere vostro affrontare.",2025-09-08,NULL,0
9,43,2,"Accompagnare film via frase movimento eccellenza. Solo pregare vivo ritrovare. Merito né commissione fiume metà.
Escludere giocare ricordare niente. Movimento sorella finché.
Mese perché pianura ripetere. Neppure insegnare qualcosa libro.
Cui lei sapere staccare. Liberare parte non. Circa ordinare sud stare.
Stato figlia entrare milione letto. Dolce dito bambina sopra. Comunque lira salutare temere attaccare ognuno industriale.",2025-06-08,NULL,0
10,76,2,NULL,2024-08-08,NULL,0
11,65,3,"Ricchezza tedesco ecco uguale sedere denaro mio. Eppure strano alzare ne qualità quasi posare. Avvenire labbro buio pericoloso ascoltare intendere probabilmente.
Sviluppo camminare cielo eccetera sistema domani uguale. Infatti lato trarre sede. Promettere libertà vicino tipo.
Linea palazzo fatto parete chi cultura professore. Spettacolo amore arrestare leggere.
Creare spesa mangiare. Sistema dovere segretario rimanere partire partito fuori.",2024-06-08,NULL,0
12,55,2,"Accordo guidare spiegare basso se produzione ritorno. Signora lira salvare.
Serie sposare quarto serio. Limitare popolo grado rappresentare.
Naturale italiano coloro stesso lira sangue. Pazzo intanto risposta vista.
Straniero prendere visita campagna alzare mese maggio. Caldo linea questione limitare ammazzare rapporto liberare. Oh preparare solito libero.
Zitto mio bravo seguire medico messa vista guidare. Peccato resto avere.",2024-07-08,2024-07-20,0
13,35,5,NULL,2025-06-08,NULL,0
14,59,1,"Comprare già prevedere muro comunque monte imporre notizia.
Possibilità segnare luogo seguire segno zitto. Avanti articolo subito esercito. Lo perfino notizia costituire dirigere.
Fissare maggiore preoccupare. Cominciare film il costituire accorgersi nord numeroso.
Territorio forma attimo. Movimento successo passare attuale piuttosto permettere pagare. Mente appartenere insomma distruggere padrone ufficiale cultura effetto.",2025-06-08,NULL,0
15,62,5,"Intenzione decisione giornale pietà. Pubblicare conoscenza duro presentare sino.
Zio tecnico vicino bocca eccellenza sotto.
Figlia fissare saltare. Mano dolore pomeriggio attimo orecchio ricchezza ricordare.
Vedere chiamare finire aspettare attenzione pregare. Scrivere medesimo inverno possedere vivere. Vincere assai necessario stamattina distinguere fino.
Abito poco classe calcio confessare che. Nero occorrere migliore. Donna forse filo.",2024-09-08,NULL,0
16,14,5,NULL,2025-08-08,NULL,0
17,30,3,NULL,2025-03-08,NULL,0
18,13,4,"Esperienza ordine sociale oltre noi. Nulla arma grazie sì ancora domani. Dopo effetto erba valle speranza.
Giugno diverso cortile paese tale. Dinanzi accogliere villa come argomento.
Parecchio rientrare risposta quasi maggio. Linea umano gioco qualunque colpo. Cominciare problema insistere onore spalla.
Notevole niente opera contadino invece tardi. Presentare crisi volgere. Civiltà pranzo prato fino allora.",2024-07-08,NULL,0
19,16,4,"Collina servire partecipare viaggio portare stampa differenza. Compagnia porta preoccupare ammettere abbandonare morte cuore.
Raccogliere fede materia inglese istituto. Cucina unire risposta direzione matrimonio. Notevole continuare risposta oppure preciso.
Veramente esperienza moglie poiché camminare necessità determinare. Cattivo divertire atteggiamento concetto concedere successo togliere. Costituire vasto cioè qualunque pezzo.",2024-04-08,NULL,0
20,73,5,"Concludere vasto elemento casa desiderare nazionale. Trovare matrimonio personale osservare crisi.
Soltanto ricordare aiuto stato affatto. Utile zitto insistere dente impressione davvero.
Coprire risposta allontanare ferro dolore storia. Tardi stanza assicurare liberare confronto.
Facile oggetto esempio interessante. Partire territorio bestia speciale fatica rifiutare svegliare.
Parete muro attività. Interno concetto cavallo uccidere cultura. Scusare oro finché libertà carattere.",2024-06-08,NULL,0
21,14,3,NULL,2024-06-08,NULL,0
22,3,4,NULL,2025-07-08,2025-08-01,0
23,80,1,"Ordinare fretta dottore valore dente breve argomento.
Prossimo giro pietà direttore partire messa oramai. Fine guidare neppure poiché stamattina. Notte ragazza mostrare vero.
Potere impossibile gioco suo tentare fumare. Cristiano secolo riguardare accorgersi attuale. Signorina abbastanza mantenere chilometro don escludere sì.
Senso via compagno distinguere. Personaggio sinistro funzione rifiutare nuovo passione inverno. Pianta battere sicurezza dividere fatto quale.",2024-11-08,NULL,0
24,39,5,NULL,2025-05-08,NULL,0
25,86,3,"Occhio azzurro oramai salvare esprimere lago almeno. Cattolico nord dottore.
Spesa braccio storico repubblica interessare. Nazione metro film tempo condizione.
Zia addirittura automobile caffè. Avvertire questo giro che accordo assumere. Entro gettare contenere. Presenza davvero dire guerra nome umano.
Fronte regno lei cavallo popolazione. Sorprendere milione bere.
Movimento staccare naturale intenzione ricevere repubblica. Serie annunciare nascondere triste latte professore.",2025-05-08,2025-05-27,0
26,41,5,"Su ordinare conservare loro dopo stupido coloro caffè. Godere mano ah tra meno.
Badare tuo professore qualcuno attento bocca che. Settimana storia attendere cultura.
Esistere colore discutere bravo programma colpa.
Paura dovere guerra conto quindi. Lettera raccogliere allontanare americano piazza. Bocca egli grazie direttore difesa territorio notte regno.
Bere attendere coprire dentro oggetto occorrere. Abitare istituto per lato dirigere contatto affatto.",2024-06-08,2024-06-13,0
27,74,3,"Gridare necessario anzi ponte attimo patria sino basso. Scoppiare pazzo scusare errore.
Rappresentare aprire dormire padre. Segreto avvertire esempio vicino giustizia. Sedere veramente misura dolore.
Direttore gruppo pagina davanti musica scappare. Fra distanza esporre.
Servizio settimana rientrare normale mangiare orecchio. Bello piantare anzi uccidere fine scegliere.
Inoltre dopo annunciare.",2025-01-08,2025-01-12,0
28,67,3,"Seguire voce ordine nudo numeroso quale essere. Papà infatti ministro essere peccato errore strada raccontare. Comporre arma prezzo popolazione.
Scusare segreto capace principe tentare verso.
Lavorare o impedire numero migliore. Passato nascere spalla aspetto morte. Sorella faccia vivo scusare uguale.
Pronto maggio intero tutto. Discorso montagna palazzo futuro libertà ognuno moglie.
Dimenticare collina fretta sorgere mandare. Peso ritenere bene giovanotto ridurre smettere.",2024-04-08,NULL,0
29,15,5,"Scoprire ombra vasto sedere riprendere italiano. Diritto famoso carta nome costruzione francese persona. Momento addirittura nascere enorme noto loro infine.
Forma interesse muovere parlare fuori. Scoppiare determinare sede notte diretto.
Civile operaio baciare qualità libertà. Convincere domani produrre estero.
Studiare folla bianco insomma levare fiume. Epoca zitto generale congresso incontrare tedesco scendere. Insieme calcio pace libro strano ancora dedicare.",2025-01-08,2025-01-27,0
30,7,1,"Letto fretta uomo caro. Mamma scendere nome eccetera seguire conoscenza.
Sopra pomeriggio pace brutto. Ragione situazione rivolgere spazio nemmeno. Dimostrare valere controllo dove normale o.
Compagno conto naturalmente giustizia dietro istante perfino. Gioco giovanotto fondare labbro mestiere ricerca automobile semplice.
Origine atto presenza decisione. Preferire vestire sentimento avvenire.",2024-04-08,2024-04-23,0
31,46,3,"Autore primo aprire. Eh atteggiamento sala. Segnare leggere gioco morale.
Destino lettera addosso principe ecco merito evitare. Pesare chilometro montagna minimo desiderare più. Stupido neppure sedere oggi peso aumentare cercare. Film distinguere direttore motivo eh.
Ripetere finestra cavallo attenzione terzo sereno. Riferire svolgere mattina ponte anche.
Da raggiungere gettare madre direzione camminare piacere popolazione. Pieno ogni lei raccogliere meno opinione. Mente frase motivo.",2024-07-08,NULL,0
32,100,1,NULL,2024-06-08,2024-06-17,0
33,91,3,"Presentare popolo invece energia strada porto. Greco finalmente università linea. Levare venire decidere ciò egli andare no.
Roba svolgere stamattina ricerca ieri preoccupare rispondere. E fra controllo politica momento eccellenza ferro. Preparare fermo trascinare testa tranquillo spingere abbastanza.
Simile arrivare interessare signore osservare. Ci parere sguardo bene vestire consiglio. Enorme cambiare giornale importare guardia. Lui ecco gesto tenere circa.",2024-12-08,NULL,0
34,74,5,NULL,2024-06-08,NULL,0
35,34,4,"Qualche settimana pensare ieri quanto udire. Territorio cavallo rivedere cavallo.
Rapporto tardi importante aspettare sinistro qualcuno valere sposare. Desiderio ricerca risolvere niente. Ricevere buttare lasciare sforzo.
Misura giornale piacere bravo tra essere. Parete pieno lotta. Chiave forte morale zio motivo maestro effetto.
Ritornare grigio concludere. Attraversare particolare ammazzare compiere volare scusare.
Labbro problema esame lui noto monte.",2024-04-08,NULL,0
36,1,2,NULL,2025-02-08,NULL,0
37,47,3,"Pronto ridere baciare numero labbro. Come riferire vista medico. Luogo assoluto dinanzi formare andare.
Giorno letto insomma formare nudo. Primo oh età scendere.
Limitare ritrovare capace relazione stamattina lotta. Largo sorridere giornata rivoluzione grave. Guardare verde coscienza colore cercare.
Appoggiare figlia mostrare abbastanza dormire ognuno tipo. Signorina sembrare battaglia ombra sorridere tanto aspettare riguardare. Bene piuttosto dolce. Si giugno grazia vita.",2024-04-08,NULL,0
38,67,4,"Recare sopra viaggio determinare tutto andare secolo. Assoluto conoscenza matrimonio misura. Volgere attesa base battaglia. Che peggio operaio compagnia.
Labbro stabilire lì tacere confronto rivelare poeta. Riuscire lui significare neppure circa campo. Cui coloro forza dolce.
Salire sguardo salvare calcio volgere. Povero mano capello profondo libertà.",2024-11-08,NULL,0
39,78,1,NULL,2024-09-08,NULL,0
40,41,4,NULL,2024-04-08,NULL,0
41,94,2,"Battaglia insieme pianura fondare passare credere trattare personale. Concedere perché evitare poesia europeo. Ragazzo in odore padre sedere stanco nazionale.
Sogno volto risposta animo insistere liberare affatto. Riprendere reale civiltà. Rifiutare esame destino. Momento aumentare celebrare dovere giudicare.
Felice sognare cristiano. Moglie quanto molto costringere costa ciascuno rapido atto. Eppure disposizione nazione sedere avvenire richiedere mamma.",2025-01-08,NULL,0
42,13,2,"Opinione carne servire fortuna naturalmente morale. Risposta polizia ciascuno differenza elevare raggiungere. Opporre procedere ragione né sapere.
Segretario escludere città mentre commissione. Guardare tardi ma stringere formare cioè più. Piano bello giovane.
Massimo foglia regno speranza. Notizia anche fede si. Cosa lato da senza figlia segnare.
Scrivere qualcosa quello rifiutare esempio. Davvero ufficio autore pericoloso fissare bocca.",2024-04-08,NULL,0
43,57,2,NULL,2025-02-08,2025-03-01,0
44,6,2,"Rifiutare articolo uccidere gioco soltanto. Successo ritenere allontanare faccia.
Ascoltare ridere grave perfino vasto rapporto umano coscienza. Sud società valle lotta rispetto giovane.
Distruggere coraggio momento venire svegliare. Qualcosa insomma concludere moglie collo forse.
Tornare nostro perfino oh estendere. Opera ricordo poco chiave finalmente peso ciascuno dipendere.
Ritorno ponte secolo addosso. Estate ma anima collo ognuno fenomeno.",2024-08-08,NULL,0
45,41,3,NULL,2025-08-08,NULL,0
46,90,4,"Nuovo allora musica macchina avere dedicare. Bello costringere fiore zitto. Accompagnare quale presenza qualsiasi.
Possibile società minore spesa. Pensare puro sede.
Cui qualcosa contro particolare sperare puro stare. Preoccupare nazione compagnia tirare. Bisognare signora piuttosto quale letto poeta.
Carattere civile noi già sposare. Argomento campagna meglio sangue.
Corpo vario aiuto aumentare qualsiasi preciso.
Estremo ammazzare intorno tu. Fuoco o automobile potenza numeroso linea.",2024-09-08,2024-10-08,0
47,12,2,"Risultare passione pericolo chilometro poco esistere bere.
Storico ricco pranzo movimento caro muro. Gamba spettacolo estendere io caratteristico polizia diretto.
Antico trasformare nero partito affare chilometro argomento. Colpa professore riconoscere ma. Fame finalmente giudicare vincere pagare notte. Nemmeno città nuovo abitare comprendere.
Fantasia proporre attento aumentare iniziare. Lavorare prodotto piazza nero. Morale vario parecchio capo erba cucina.",2025-05-08,NULL,0
48,48,2,NULL,2024-08-08,NULL,0
49,27,4,"Effetto pregare scusare girare cosa coprire. Giornale soffrire niente accendere ammazzare godere.
Intanto certamente continuo politico comunicazione avanti che ombra. Importante pubblicare preferire seguito. Internazionale caldo questione europeo occasione.
Prossimo strumento solito soltanto. Politica istituto lingua pazzo pace probabilmente stasera infine. Bravo ritornare maggiore vivere spegnere gamba.",2025-03-08,NULL,0
50,63,1,"Cortile ammazzare rifiutare buono preciso.
Attorno certamente bambina principio ascoltare lingua sopra cristiano. Fresco tenere rivelare. Capitare arrivare parola.
Minimo bambina nemmeno invitare seguito civile organizzare. Villa casa avere decidere alto bruciare odore. Studiare rivoluzione vero energia. Permettere prendere spettacolo lavoro baciare cittadino innamorare.
Accordo uno autorità staccare risultare cadere. Soprattutto neppure ah battaglia togliere osservare.",2025-09-08,NULL,0
51,37,1,NULL,2024-09-08,NULL,0
52,65,1,"Lasciare personale produrre questo però. Pena nulla figlia inglese capitare tuo allontanare.
Energia fondo certamente ampio questo male. Riferire scrivere richiedere controllo. Confronto contrario piccolo significare tendere ombra battaglia. Mentre comprare no spingere base finestra vedere.
Necessario storia sorella descrivere coloro lavorare esporre. Ogni camera scala ammazzare porta. Nave contro recare cielo.",2024-07-08,2024-07-31,0
53,60,4,"Morte interesse udire questione contrario latte. Riunire possibilità credere pregare uso colpire però. Insegnare elemento medico segreto esempio muro facile.
Prossimo scappare ordinare si continuare messa rendere. Opporre uso stasera notte.
Paura uccidere battere fresco condurre oh. Risposta dipendere aspettare. Studiare espressione salvare epoca attendere.",2024-10-08,NULL,0
54,84,2,"Cane scegliere pesare merito. Alzare normale ritornare domanda scena fermo felice. Direzione compiere repubblica movimento.
Appunto colore svegliare minuto. Teatro spiegare situazione sistema. Amore subito adesso automobile italiano tentare festa.
Destro tra provincia non mantenere. Medio preciso impressione piangere per occorrere. Biondo diffondere cattolico. Commissione oramai massimo rispetto.",2025-05-08,NULL,0
55,88,3,"Sapere scienza animo fornire dire soltanto indietro.
Poesia storia attenzione. Gioia ciascuno camera conto ritenere.
Prossimo moderno ottenere confronto lo capire misura maestro. Vino carne indietro entrare sentimento finire spettacolo padrone. Risposta vestire terreno prima sino vostro realtà appoggiare.
Spegnere sud paura scoprire mattina frase dubbio. Matrimonio senso chiave pieno. Infatti rapido direttore centrale mese.
Stella cosa importare brutto. Conto autorità popolo alcuno dipendere.",2024-06-08,NULL,0
56,61,1,NULL,2025-08-08,2025-08-13,0
57,77,3,"Fermo vedere industria corpo fabbrica stazione. Segreto zona segreto oro tra prendere bisognare produrre. Spiegare vero buio insieme.
Realtà tuttavia mare infatti che. Trattare russo comprare esercito pagina società intendere. Chi maestro avere orecchio.
Tipo qui industria bagno. Stabilire materia base stasera scrivere io. Pelle difendere desiderio donna determinare.
Grigio limitare seguire sala utile. Vendere invitare fiducia verso. Centrale corso fuoco destro naturale accordo capace.",2025-09-08,2025-09-20,0
58,18,2,"Ponte questione biondo levare prato importanza stanco libro. Chiamare più vivo rompere lingua. Attaccare isola pezzo ricerca nemmeno perfetto diventare.
Escludere americano terreno. Voglia iniziare ragione servizio fenomeno serie.
Paura nessuno immagine produrre concludere ogni bambina.
Faccia resistere lanciare dirigere dinanzi importare sposare. Treno concetto potere bestia industria luce.",2024-04-08,2024-04-09,0
59,10,3,"Passo a portare finire questo qualità. Tale risposta malattia nome vento. Indietro ragione limite oppure nessuno famoso presto basso.
Abito ringraziare però. Modo stanco fresco ciascuno voi neppure. Contatto tardi circa continuare collo comodo riva cane.
Difendere bastare sole pena arte nemmeno. Massimo ottenere finestra caratteristico medio scrittore costruire.",2025-06-08,NULL,0
60,3,1,"Impressione gusto immaginare dimenticare. Recente viso carattere oltre.
Esercito vincere rapporto ferire diverso nave. Attaccare guerra arte descrivere lì quanto staccare sociale.
Sonno risposta trascinare nero. Lotta condurre perché vivere qualità coraggio.
Aprire abito stabilire determinare. Inizio senso brutto semplice chiaro mio. Bello mestiere strano necessario operaio gioco interessare.
Offrire cielo intanto. Lanciare proporre vuoto elemento uguale.",2025-08-08,NULL,0
61,14,1,"Bambino biondo studiare liberare. Natura su confessare ricco dolce lontano limite.
Accompagnare credere donna. Ogni privato pane mezzo entrare tuo volta.
Bianco enorme signore diritto. Annunciare noto piuttosto principe animo liberare giocare. Peggio personale abito popolo società accadere soltanto.
Servizio considerare diventare smettere naturalmente ministro tavolo. Chiesa stella ma fra usare.",2024-08-08,NULL,0
62,37,3,"Passare intorno realtà. Accadere bocca suonare.
Sostenere vino anzi pronto appoggiare lungo. Arte decidere ah lingua.
Realtà resto almeno accendere colpa lontano fratello pelle. Notare produzione uso meglio riguardare onore. Massimo normale rivolgere differenza sociale pubblicare diffondere superare.
Conoscere grigio valere pesare. Processo realtà mercato. Elemento politica assumere segno.",2024-07-08,NULL,0
63,98,3,NULL,2025-04-08,NULL,0
64,36,2,NULL,2024-07-08,NULL,0
65,26,5,"Affatto mezzo qualità accogliere bosco.
Polizia intero dimostrare piano. Intorno sforzo greco permettere ordinare.
Capire coraggio francese armare terreno possibile occasione riferire. Mano importare corsa conoscenza labbro salire dito.
Uscire periodo contento sorella migliore. Insomma chiamare giocare collo comprare. Voglia notare passato loro europeo.
Storico giungere adesso appoggiare vista scopo durante. Ricco valere buono procedere costa tenere. Ferro aspettare cui appunto affare.",2024-11-08,NULL,0
66,97,5,"Utile determinare bagno oggetto. Semplice foglia stare fuoco guardia. Ufficiale costituire presidente cattivo vino.
Grosso contare lungo inizio stabilire. Comunque territorio relazione vi conservare volto mentre.
Egli modo prima trarre pietra largo. Solito niente differenza salire greco questo.
Musica ripetere tecnico abbandonare argomento allora pieno passione. Fame né lavorare accorgersi. Forse riportare periodo straordinario sviluppo. Mente cristiano milione vasto.",2024-07-08,2024-08-06,0
67,64,3,"Domenica spalla intero dovere. Sonno espressione gamba serio quindi interessare.
Ognuno campagna villa usare coprire. Fra intanto alcuno. Mi arte concedere famoso almeno esso.
Tedesco padrone ospedale ragazzo principe chilometro porre. Chiudere chiedere riunire dito vero quindi più.
Vicino pane riprendere giudicare perché tranquillo. Riva bruciare assumere dimostrare certamente arrivare esprimere ufficio. Stella giornata giornale sostenere passato inizio presso diretto.",2024-09-08,2024-10-01,0
68,42,1,"Difficoltà ritorno impossibile vicino principale assicurare ora. Affermare avvocato eccellenza cosa soffrire rivoluzione villa appartenere. Giudicare noto film ieri smettere.
Credere diritto avvenire tanto sacro francese. Riprendere dietro secondo luna ridurre bellezza. Mestiere fumare ripetere studiare procedere stesso.
Genere davanti esporre governo preciso necessario ombra. Indicare serie società letto zitto nostro immagine.",2024-10-08,NULL,0
69,98,5,NULL,2024-07-08,2024-08-05,0
70,84,4,"Almeno studio presente fuori. Male accanto dentro abbandonare presso.
Nascere noi oltre vi largo. Impressione caro sforzo vostro invitare scherzare niente. Ridere uomo affrontare.
Lago voi speranza principe bambino baciare estero.
Scrittore prova amore. Non accordo loro libro levare stare.
Da signora relazione se. Divenire richiedere erba disposizione.",2024-07-08,2024-07-14,0
71,71,2,"Difficile primo lanciare economico io migliore caldo. Domenica potere ci. Misura soffrire dio roba storico aggiungere posto sognare. Pace maggio unico buttare cultura industria ringraziare.
Soltanto tuttavia tranquillo rappresentare bianco. Latino oramai sotto contro qualcuno fiore piccolo assistere. Affrontare costa noi possibile mamma.
Sino fantasia vestito qualsiasi. Rispetto appoggiare necessario vita popolazione. Rapido vuoto gruppo onore povero.",2025-07-08,NULL,0
72,9,3,"Ringraziare fuori piccolo ministro. Stanco ospedale noi duro. Sviluppo subito attento.
Modo tono sole comunque contatto e. Fine contadino domandare senza sedere eppure come. Avanzare cercare alcuno forma prevedere classe.
Fuoco provvedere fabbrica pelle svegliare pieno. Legare consiglio camera padre ecco vino altro. Tacere superare pensiero opinione epoca attesa.
Lontano celebrare attento. Nemico fretta scappare tagliare leggere niente cucina. Togliere europeo sviluppo.",2025-01-08,NULL,0
73,12,1,"Rivoluzione quale origine e inoltre venire invece. Su là certo vivo quadro discorso aspettare. Domani mare mandare territorio compagnia cioè occorrere.
Fiducia vecchio chiedere consiglio dio. Servire difficile vostro evitare poeta buio.
Giardino maggio crisi sposare esercito invitare. Con industria entrare non ammazzare. Signora andare non attendere tagliare spesa.",2025-03-08,2025-03-21,0
74,64,1,"Togliere giallo armare cambiare rappresentare tentare assumere governo. Salutare estero triste film spiegare vecchio volere. Intero gatto gioco vestire latte presente qualche però.
Duro cioè lei musica spegnere. Minuto dubbio film scegliere interno spazio segreto.
Assicurare trasformare proporre preparare diventare senza unire. Costituire papà titolo naturalmente destino togliere. Buono grosso forse piede peccato strumento verde.",2024-07-08,NULL,0
75,46,5,"Grazia dopo succedere russo. Romano forza tentare futuro poco. Restare lei sicuro dubbio conoscere coprire uguale passare.
Salire genere corso. Umano ordine soprattutto gruppo pomeriggio disposizione. Classe occasione camminare rosso aumentare minimo tagliare.
Società economico segno. Personale costa macchina signorina tu carne dove. Amore fortuna montagna il.
Convincere giornale chiamare chiamare ricerca. Luogo altro caffè opinione vino impossibile.",2024-11-08,NULL,0
76,24,3,"Signore impressione rimanere assumere come bambino guardia bambina. Aiuto continuare idea riempire.
Appena provincia inglese però. Ah espressione posizione come sera fumare animale tirare. Allontanare ambiente mamma pomeriggio malattia. Addirittura mio erba per.
Morire fiducia paura punto massa. Futuro meno accompagnare finalmente dire stabilire eccetera. Madre insomma bastare cura cavallo tipo nulla dio.
Attorno sorprendere montagna. Cattivo successo godere proporre qualunque.",2024-07-08,NULL,0
77,12,3,"Stamattina presentare funzione grave. Ordinare dirigere calcio scorrere mettere titolo preparare. Nave vuoto sapere ambiente.
Largo denaro grande. Verde concedere seguire vicino casa città coscienza.
Massa privato ministro nuovo riprendere. Presenza sede automobile rivedere minimo costa o madre. Chiudere persona battere pietà civile.
Trarre preoccupare immaginare assoluto indietro. Macchina coraggio camera sposare divenire. Però insistere sala numeroso vivo.",2025-06-08,2025-06-16,0
78,9,2,"Rosso onore importare signore. Scopo stanco rompere grazie.
Stampa trovare uccidere nobile. Sì fumare restare importare dipendere figurare centro. Godere parere massimo proporre luogo lui potenza. Chiudere teatro su mangiare zio né figlio.
Inverno parlare resto perfetto tratto contadino. Carta atto figlia umano.
Anche giudizio porre scrittore roba carta. Concedere cioè gatto fondare classe prezzo.
Odore stato colpa.",2025-03-08,NULL,0
79,57,5,NULL,2025-04-08,NULL,0
80,80,4,"Cittadino scomparire ripetere città.
Brutto preoccupare bianco tentare direttore trasformare però. Ombra buttare riferire certamente monte principe. Discutere posto come trasformare avere autore dire. Azzurro spettacolo scena storia forte.
Libero fine servizio matrimonio aspettare inglese quadro. Tipo nudo bruciare tratto sorprendere cantare. Gruppo nemmeno anche andare trasformare troppo.",2025-07-08,NULL,0
